<Heat>
    <Stats>
        <Nom>Vassell</Nom>
        <MatchID>2</MatchID>
        <TDJeu>21:31</TDJeu>
        <Points>21</Points>
        <Rebonds>3</Rebonds>
        <Passe_D>1</Passe_D>
    </Stats>
    <Stats>
        <Nom>Wembanyama</Nom>
        <MatchID>2</MatchID>
        <TDJeu>22:51</TDJeu>
        <Points>23</Points>
        <Rebonds>4</Rebonds>
        <Passe_D>4</Passe_D>
    </Stats>
    <Stats>
        <Nom>Collins</Nom>
        <MatchID>2</MatchID>
        <TDJeu>0:0</TDJeu>
        <Points>0</Points>
        <Rebonds>0</Rebonds>
        <Passe_D>0</Passe_D>
    </Stats>
    <Stats>
        <Nom>Sochan</Nom>
        <MatchID>2</MatchID>
        <TDJeu>25:02</TDJeu>
        <Points>10</Points>
        <Rebonds>6</Rebonds>
        <Passe_D>3</Passe_D>
    </Stats>
    <Stats>
        <Nom>Johnson</Nom>
        <MatchID>2</MatchID>
        <TDJeu>0:0</TDJeu>
        <Points>0</Points>
        <Rebonds>0</Rebonds>
        <Passe_D>0</Passe_D>
    </Stats>
</Heat>
