<Rockets>
   <Stats>
        <Nom>Vassell</Nom>
        <MatchID>3</MatchID>
        <TDJeu>25:14</TDJeu>
        <Points>25</Points>
        <Rebonds>3</Rebonds>
        <Passe_D>1</Passe_D>
    </Stats>
    <Stats>
        <Nom>Wembanyama</Nom>
        <MatchID>3</MatchID>
        <TDJeu>20:37</TDJeu>
        <Points>15</Points>
        <Rebonds>6</Rebonds>
        <Passe_D>1</Passe_D>
    </Stats>
    <Stats>
        <Nom>Collins</Nom>
        <MatchID>3</MatchID>
        <TDJeu>22:28</TDJeu>
        <Points>11</Points>
        <Rebonds>9</Rebonds>
        <Passe_D>5</Passe_D>
    </Stats>
    <Stats>
        <Nom>Sochan</Nom>
        <MatchID>3</MatchID>
        <TDJeu>21:10</TDJeu>
        <Points>6</Points>
        <Rebonds>6</Rebonds>
        <Passe_D>4</Passe_D>
    </Stats>
    <Stats>
        <Nom>Johnson</Nom>
        <MatchID>3</MatchID>
        <TDJeu>22:48</TDJeu>
        <Points>4</Points>
        <Rebonds>2</Rebonds>
        <Passe_D>4</Passe_D>
    </Stats>
</Rockets>
