<Thunder>
    <Stats>
        <Nom>Vassell</Nom>
        <MatchID>1</MatchID>
        <TDJeu>21:18</TDJeu>
        <Points>6</Points>
        <Rebonds>2</Rebonds>
        <Passe_D>1</Passe_D>
    </Stats>
    <Stats>
        <Nom>Wembanyama</Nom>
        <MatchID>1</MatchID>
        <TDJeu>19:22</TDJeu>
        <Points>20</Points>
        <Rebonds>5</Rebonds>
        <Passe_D/>
    </Stats>
    <Stats>
        <Nom>Collins</Nom>
        <MatchID>1</MatchID>
        <TDJeu>22:44</TDJeu>
        <Points>15</Points>
        <Rebonds>5</Rebonds>
        <Passe_D>5</Passe_D>
    </Stats>
    <Stats>
        <Nom>Sochan</Nom>
        <MatchID>1</MatchID>
        <TDJeu/>
        <Points>0</Points>
        <Rebonds>0</Rebonds>
        <Passe_D>0</Passe_D>
    </Stats>
    <Stats>
        <Nom>Johnson</Nom>
        <MatchID>1</MatchID>
        <TDJeu>9:46</TDJeu>
        <Points>0</Points>
        <Rebonds>1</Rebonds>
        <Passe_D>1</Passe_D>
    </Stats>
</Thunder>
